{
    "accuracy": 0.7927608232789212,
    "roc_auc": 0.8413482652613088,
    "precision": 0.6453900709219859,
    "recall": 0.48663101604278075,
    "f1_score": 0.5548780487804879
}